区分,名称,N,P,K,苦土,石灰,特徴,その他
窒素肥料,硫酸アンモニア(硫安),21,,,,,速効性｡硫酸根で酸性化｡吸湿性小,元肥と追肥
窒素肥料,尿素,46,,,,,速効性｡葉面散布可｡吸湿性大,元肥と追肥
窒素肥料,被覆尿素･LPコート100,40,,,,,超緩効性｡りん酸･加里集積ハウス向け,元肥
窒素肥料,石灰窒素･防散,21,,,,55,殺虫･殺菌･殺草効果,元肥
窒素肥料,石灰窒素･粒状,21,,,,55,硝酸化成抑制で緩効性,
窒素肥料,硝酸石灰(ニトライム),14,,,,,速効性｡硝酸態N｡養液栽培可,元肥と追肥
窒素肥料,被覆硝酸石灰(ロングショウカル),12,,,,,石灰欠乏対策｡40?140日タイプ,元肥と追肥

りん酸肥料,過燐酸石灰(過石)･粒状,,17.5,,,,水溶性速効性｡弱酸性｡吸着されやすい,元肥
りん酸肥料,重過燐酸石灰(重過石),,34,,,,水溶性速効性｡弱酸性｡吸着されやすい,元肥
りん酸肥料,熔成燐肥･粒状(ようりん),,17,,12,45,く溶性緩効性｡アルカリ性で土壌改良,元肥
りん酸肥料,BM苦土重焼燐,,35,,4.5,,く溶性+水溶性苦土｡微量要素含む,元肥
りん酸肥料,粒状とん骨りん,3,20,,,,豚骨粉主体｡有機48%,元肥
りん酸肥料,BMフミン,,5,,10,45,ようりん+微量要素+腐植酸,元肥

加里肥料,硫酸加里(硫加),,,50,,,速効性｡酸性化｡吸湿性小,元肥と追肥
加里肥料,塩化加里(塩加),,,60,,,速効性｡酸性化｡吸湿性大,元肥と追肥
加里肥料,ケイ酸加里プレミア34,,,20,4,,く溶性加里で緩効性｡けい酸34%,元肥と追肥
加里肥料,粒状草木加里,,2,30,3,,天然加里｡緩効性｡アルカリ分含む,元肥と追肥
加里肥料,硫酸加里苦土(サルポマグ),,,21,18,,速効性｡加里+苦土補給,元肥と追肥

石灰･苦土肥料,顆粒消石灰,,,,,72,酸度矯正｡石灰補給,元肥前
石灰･苦土肥料,粒状苦土石灰(M-10),,,,10,55,酸度矯正｡石灰･苦土補給,元肥前
石灰･苦土肥料,顆粒苦土生石灰,,,,30,100,アルカリ分高い｡酸度矯正,元肥前
石灰･苦土肥料,サンライム･粒状(かき殻石灰),,,,,46,有機由来石灰｡緩効性,元肥前
石灰･苦土肥料,畑のカルシウム,,,,,中性,硫酸カルシウム｡pH上げず石灰補給,元肥と追肥
石灰･苦土肥料,硫酸マグネシウム(みどりマグ),,,,,,水溶性速効性｡中性｡成分15?25%,元肥と追肥

有機質肥料･堆肥,なたね油粕,5.5,2.5,1.3,,,発芽障害注意｡2?3週間前施用,元肥と追肥
有機質肥料･堆肥,魚粕,6?8,6?8,,,,比較的速効性｡1?2週間前施用,元肥と追肥
有機質肥料･堆肥,蒸製骨粉,4,20,,,,有機りん酸肥料｡緩効性,元肥
有機質肥料･堆肥,米ぬか,2,4,1.5,,,難分解性で緩効性,元肥
有機質肥料･堆肥,発酵鶏ふん,3,5,2.5,,CN比13,急激分解｡2週間前施用,元肥
有機質肥料･堆肥,乾燥鶏ふん,3,5,3,,CN比8,未発酵｡1ヶ月前施用,元肥
有機質肥料･堆肥,有機アグレット673特号,6,7,3,1,,有機100%配合,元肥と追肥
有機質肥料･堆肥,有機ブリケット味好1号,6,8,4,,,有機100%配合,元肥と追肥
有機質肥料･堆肥,純ぼかし,4,3,3,,,有機83%配合,元肥と追肥
有機質肥料･堆肥,牛糞堆肥･めぐみ,0.7,0.6,0.7,,CN比20,完熟堆肥,元肥
有機質肥料･堆肥,フトール1号,1.1,0.8,1.1,,CN比19,広葉樹樹皮+家畜糞,元肥
有機質肥料･堆肥,フトール7,1.8,2,0.5,,CN比10,混合発酵ペレット,元肥
有機質肥料･堆肥,レオグリーン特号,3.1,3.2,1.3,,,混合発酵ペレット,元肥

複合肥料･配合肥料,みどり化成3号,6,9,6,,,りん酸不足基肥向け,元肥と追肥
複合肥料･配合肥料,みどり化成7号,8,8,5,,,葉菜･稲麦向け,元肥と追肥
複合肥料･配合肥料,みどり化成そさい特号,12,6,6,,,葉菜類基肥向け,元肥
複合肥料･配合肥料,くみあい化成8号,8,8,8,,,普通化成,元肥と追肥
複合肥料･配合肥料,日の本化成12号,3,7,10,,,甘藷･豆類向け,元肥と追肥
複合肥料･配合肥料,BM化成1号,13,10,12,3,,微量要素入り,元肥と追肥
複合肥料･配合肥料,BM化成2号,10,13,12,3,,微量要素入り,元肥と追肥
複合肥料･配合肥料,燐加安やさいS500,15,10,10,4,,微量要素入り,元肥と追肥
複合肥料･配合肥料,くみあいエコ化成PK35号,0,20,15,5,,無窒素肥料,元肥
複合肥料･配合肥料,燐硝安加里S646,16,4,16,,,硝酸態N47%,元肥と追肥
複合肥料･配合肥料,燐硝安加里S555,15,15,15,,,液肥としても可,元肥
複合肥料･配合肥料,ジシアン硫加燐安555,15,15,15,,,肥効80?100日,元肥と追肥
複合肥料･配合肥料,CDU燐加安S555,15,15,15,,,緩効性,元肥
複合肥料･配合肥料,IB化成S1号,10,10,10,1,,緩効性,元肥と追肥
複合肥料･配合肥料,スーパーIB複合S222,12,12,12,1,,長期肥効,元肥と追肥
複合肥料･配合肥料,マイルドコート30号･M100,10,10,10,,,100日タイプ,元肥
複合肥料･配合肥料,根菜一発111,10,10,10,,,根菜基肥一発,元肥
複合肥料･配合肥料,BM有機ながぎき君,14,12,14,1,,140日タイプ,元肥
複合肥料･配合肥料,レオ有機Lカラー,8,8,8,,,有機質21%,元肥
複合肥料･配合肥料,レオ有機Fカラー,9,12,9,,,有機質20%,元肥
複合肥料･配合肥料,マイルド有機888,8,8,8,,,減化学肥料向け,元肥と追肥
複合肥料･配合肥料,マイルド有機828,8,2,8,,,減化学肥料追肥向け,元肥と追肥
複合肥料･配合肥料,マトリックス有機888,8,8,8,,,肥効90日,元肥
複合肥料･配合肥料,根菜専用183,1,8,13,1,,カンショ専用,元肥
複合肥料･配合肥料,さといも専用アグレット,8,8,8,,,サトイモ専用,元肥と追肥
複合肥料･配合肥料,たまねぎ一発363,13,16,13,,,タマネギ基肥一発,元肥
複合肥料･配合肥料,エコペレット055号,10,5,5,,,食品残渣利用,元肥
複合肥料･配合肥料,エコレット018号,10,11,8,,,豚糞堆肥25%,元肥
複合肥料･配合肥料,エコレット866号,8,6,6,,,豚糞堆肥50%,元肥
複合肥料･配合肥料,さいたまエコ888,8,8,8,,,JAさいたまオリジナル,元肥
複合肥料･配合肥料,さいたま配合777,7,7,7,,,JAさいたまオリジナル,元肥
複合肥料･配合肥料,追肥化成530特号,15,3,10,,,水稲穂肥,追肥
複合肥料･配合肥料,NK化成C6号,17,,17,,,水稲穂肥,追肥

液肥,トミー液肥ブラック,10,4,6,,,有機入り液肥,追肥
液肥,液肥2号,10,4,8,,,葉面散布可,追肥
液肥,OK-F-1,15,8,17,1,,硝酸態N含む,追肥

微量要素,マルチサポート1号,,,マンガン0.5%･ホウ素0.2%･銅･亜鉛,15,,総合微量要素,元肥
微量要素,FTE1号,,,マンガン19%･ホウ素9%･鉄･亜鉛･銅･モリブデン,,,く溶性微量要素,元肥



区分,名称,N,P,K,苦土,石灰,特徴,その他
配合肥料養液,有機到来ペレット,7,7,5,,,有機72% 鮪鰹魚粕 厳選原料!,
配合肥料養液,彩美ペレット,8,2,7,,,有機69% 鰹入魚粉配合,
配合肥料養液,ペレ丸8番エコ特,8,8,8,,,有機63% 特別栽培対応肥料,
配合肥料養液,アミノミクス642-3,6,4,12,,,有機55% 肥効120日 BB肥料,
配合肥料養液,コージくん5号,5,5,5,,,有機90% 発酵済みボカシ有機,
配合肥料養液,コージくんく号,6,1,5,,,有機90% リン酸の多い圃場に,
配合肥料養液,農耕養液1号,14,8,25,苦土カルシウム入,,養液栽培肥料,
堆肥,コージくん本生,4,2,1,,,おすすめ! 酒粕配合 地温の上昇,
堆肥,コージくん本生ペレット,6,1,,,,低温成形 撒きやすいペレット,
堆肥,堆肥のそこカ,,,,,,土壌の保水力 保肥力 泥炭腐植,
単肥肥料,ニーム核油かす,6,1,3,,,有機JAS規格適合資材,
単肥肥料,かつお魚粉,7,7,,,,カツオ魚粉100%,
単肥肥料,純正7-5魚粉,7,5,,,,マグロ主体魚粕100% 国産品,
単肥肥料,皮革粉ブレンド,10,,,,,動物皮主原料 ゆっくり長く効く,
単肥肥料,かに殻フレーク,3,2,,,,100%天然有機 キチン質18%,
単肥肥料,天然サポニン粕,1,,2,,,茶実粕100% サポニン効果,
単肥肥料,カリプラス,,,30,,,椰子灰 粒状カリ肥料,
単肥肥料,骨粉ペレット,3,17,,,,有機100% 国産鳥豚由来,
単肥肥料,かきがら一番,石,灰,85,,,非加熱 無添加 ミネラル豊富,
単肥肥料,活緑,石,,灰50,,,天然の土改材 卵殻100%,
単肥肥料,トップガードペレット,,,,,,複合発酵菌 アミノ酸発酵ボカシ,
区分,名称,N,P,K,苦土,石灰,特徴,その他
土壌改良材,ヘボノーノド,,,,,,床吃/進冰/返小エビ上・肉叉取フレ/0,
土壌改良材,粉炭ベストワン,,,,,,保水・浸水・肥持ち良く 有害ガス吸着,
土壌改良材,チャックス,,,,,,ツバキ科植物 天然サポニン,
土壌改良材,サンラテール,,,,,,2:1型モンモリロナイト 粘土鉱物,
土壌改良材,けいめい苦土,,,,87,,アルカリ度130 溶性苦土87%,
土壌改良材,天然マグカル,,,,15,41,石灰41% 苦土15%,
土壌改良材,すごみペレット,,,,10,,微量要素肥料 マグネシウム10% マンガン7% ほう素1%,
葉面散布剤,菜彩(なさい),1,30,16,,,有機入り亜リン酸,
葉面散布剤,きぼう,,,,,,有機酸カルシウム,
葉面散布剤,アミンサイド,6,6,6,10,,即効性アミノ酸 水溶性苦土10%,
葉面散布剤,サンライトアップネオ,,,,,,有機クエン酸含有 微生物培養液 微量要素資材,
葉面散布剤,福麿(ふくまろ),,,,,,ニームオイル入りカルシウム剤,
葉面散布剤,ボニトエキス1号(5kg),6,4,4,,,総合アミノ酸液肥,
葉面散布剤,ボニトエキス1号(10kg),6,4,4,,,味が良くなる カツオ抽出エキス,
葉面散布剤,ボニトエキス2号(5kg),3,5,3,,,葉面散布・灌水,
葉面散布剤,ボニトエキス2号(10kg),3,5,3,,,1号の倍のアミノ酸含有,
葉面散布剤,トップハーベスト,,,,,,納豆菌・乳酸菌・酵母菌・ミネラル入,
葉面散布剤,トレハトップ,,2,1,,,トレハロース入り微量要素,
葉面散布剤,Kチャージα,1,1,38,,,高温対策・欠乏対策,
葉面散布剤,ケイ酸貯金,,,,,,ケイ酸22% フルボ酸含有,
液肥,サンエイヨー246,12,4,6,,,,
液肥,サンエイヨー844,8,4,4,,,有機液肥(魚類アミノ酸入り),
液肥,サンエイヨー484,4,8,4,,,,
液肥,サンエイヨーKアップ,5,2,8,,,加里をパワーアップ,
液肥,マイクロゲット,,,,,,クエン酸・トレハ入り微量要素,
液肥,ガイア蘇生,,,,,,好熱性細菌 キチン酵素資材,
液肥,リキッドY,,,3,,,糖蜜 + 腐植酸,
